{"test_accuracy": 59.12138366699219, "test_loss": 1.2929359489679337, "_timestamp": 1702426298.480135, "_runtime": 162.8932819366455, "_step": 0, "_wandb": {"runtime": 212}}