{"test_accuracy": 64.07109069824219, "test_loss": 3.08648197054863, "_timestamp": 1702431124.1227388, "_runtime": 4338.894667863846, "_step": 30, "_wandb": {"runtime": 4449}}