{"train_accuracy": 43.137291634436885, "train_loss": 1.8927586781978607, "step": 100, "_timestamp": 1702472904.59467, "_runtime": 79.19729614257812, "_step": 0, "_wandb": {"runtime": 118}}