{"test_accuracy": 48.43695068359375, "test_loss": 1.7150129216909409, "_timestamp": 1702325310.5897322, "_runtime": 1303.8288502693176, "_step": 3, "_wandb": {"runtime": 1319}}