{"test_accuracy": 48.47674560546875, "test_loss": 1.7051613235473633, "_timestamp": 1702151238.054538, "_runtime": 1402.6461200714111, "_step": 3, "_wandb": {"runtime": 1465}}