{"train_accuracy": 46.50496297807836, "train_loss": 1.7415128391981125, "step": 200, "_timestamp": 1702463705.3980968, "_runtime": 82.41537690162659, "_step": 0, "_wandb": {"runtime": 102}}