{"test_accuracy": 68.94943237304688, "test_loss": 0.9735512062907219, "_timestamp": 1702457843.420193, "_runtime": 26558.139551877975, "_step": 190, "train_accuracy": 73.38234877940106, "train_loss": 0.8240724071303307, "_wandb": {"runtime": 26568}}