{"train_accuracy": 38.795999961324256, "train_loss": 2.0464282596111296, "step": 100, "_timestamp": 1702549594.285849, "_runtime": 38.014639139175415, "_step": 0, "_wandb": {"runtime": 42}}